model,accuracy,f1,roc_auc,best_val_loss,best_epoch
vit,0.5243810952738185,0.3101282326444192,0.7559168191489205,1.000976225709164,8
