model,accuracy,f1,roc_auc,best_val_loss,best_epoch
resnet18,0.5879924953095684,0.3149119593326002,0.7748880369647707,0.9566094822552593,1
