model,accuracy,f1,roc_auc,best_val_loss,best_epoch
vit,0.5242236024844721,0.29880189485132047,0.7618417864543037,1.0510015594292872,18
