{
  "accuracy": 0.5242236024844721,
  "f1": 0.29880189485132047,
  "confusion_matrix": [
    [
      294,
      66,
      16,
      9,
      0
    ],
    [
      135,
      103,
      60,
      10,
      0
    ],
    [
      35,
      21,
      20,
      1,
      0
    ],
    [
      1,
      9,
      13,
      5,
      0
    ],
    [
      0,
      0,
      7,
      0,
      0
    ]
  ],
  "confusion_matrix_labels": [
    0,
    1,
    2,
    3,
    4
  ],
  "roc_auc": 0.7618417864543037
}