model,accuracy,f1,roc_auc,best_val_loss,best_epoch
resnet18,0.5510894064613073,0.24951856384350551,0.6862542728716278,1.0742104839866633,2
