model,accuracy,f1,roc_auc,best_val_loss,best_epoch
vit,0.551219512195122,0.27307510214040126,0.7151650781676315,1.021201708437578,36
