model,accuracy,f1,roc_auc,best_val_loss,best_epoch
resnet18,0.5750187546886721,0.4610396404758793,0.7973911728320633,0.9767366155859052,4
