model,accuracy,f1,roc_auc,best_val_loss,best_epoch
vit,0.5503105590062112,0.3764868284624712,0.8174719813081577,0.9626719020168233,30
