{
  "accuracy": 0.5503105590062112,
  "f1": 0.3764868284624712,
  "confusion_matrix": [
    [
      250,
      87,
      6,
      2,
      5
    ],
    [
      138,
      153,
      37,
      7,
      1
    ],
    [
      0,
      31,
      31,
      8,
      0
    ],
    [
      1,
      9,
      20,
      8,
      4
    ],
    [
      0,
      0,
      1,
      5,
      1
    ]
  ],
  "confusion_matrix_labels": [
    0,
    1,
    2,
    3,
    4
  ],
  "roc_auc": 0.8174719813081577
}