model,accuracy,f1,roc_auc,best_val_loss,best_epoch
vit,0.4956521739130435,0.20613414223120996,0.6761628752139183,1.1529489884465378,2
