{
  "accuracy": 0.4956521739130435,
  "f1": 0.20613414223120996,
  "confusion_matrix": [
    [
      124,
      261,
      0,
      0,
      0
    ],
    [
      33,
      275,
      0,
      0,
      0
    ],
    [
      10,
      67,
      0,
      0,
      0
    ],
    [
      0,
      28,
      0,
      0,
      0
    ],
    [
      0,
      7,
      0,
      0,
      0
    ]
  ],
  "confusion_matrix_labels": [
    0,
    1,
    2,
    3,
    4
  ],
  "roc_auc": 0.6761628752139183
}