model,accuracy,f1,roc_auc,best_val_loss,best_epoch
vit,0.5157776108189331,0.2118244791743038,0.6648302257937152,1.0719349421924618,18
